"zip","population","city","county"
"10001",25026,"New York City","New York"
"10002",74363,"New York City","New York"
"10003",54671,"New York City","New York"
"10004",3310,"New York City","New York"
"10005",8664,"New York City","New York"
"10006",3260,"New York City","New York"
"10007",7566,"New York City","New York"
"10009",58267,"New York City","New York"
"10010",34763,"New York City","New York"
"10011",50228,"New York City","New York"
"10012",23034,"New York City","New York"
"10013",28657,"New York City","New York"
"10014",29071,"New York City","New York"
"10016",52912,"New York City","New York"
"10017",16065,"New York City","New York"
"10018",8135,"New York City","New York"
"10019",45521,"New York City","New York"
"10021",42253,"New York City","New York"
"10022",31574,"New York City","New York"
"10023",62228,"New York City","New York"
"10024",60714,"New York City","New York"
"10025",92162,"New York City","New York"
"10026",38937,"New York City","New York"
"10027",64728,"New York City","New York"
"10028",47962,"New York City","New York"
"10029",74617,"New York City","New York"
"10030",30996,"New York City","New York"
"10031",60280,"New York City","New York"
"10032",59527,"New York City","New York"
"10033",58648,"New York City","New York"
"10034",41933,"New York City","New York"
"10035",36999,"New York City","New York"
"10036",28231,"New York City","New York"
"10037",19177,"New York City","New York"
"10038",24205,"New York City","New York"
"10039",27090,"New York City","New York"
"10040",45197,"New York City","New York"
"10044",12770,"New York City","New York"
"10069",6504,"New York City","New York"
"10128",57993,"New York City","New York"
"10162",1240,"New York City","New York"
"10280",9372,"New York City","New York"
"10282",6086,"New York City","New York"
"10301",38001,"Staten Island","Richmond"
"10302",17942,"Staten Island","Richmond"
"10303",27164,"Staten Island","Richmond"
"10304",42133,"Staten Island","Richmond"
"10305",42968,"Staten Island","Richmond"
"10306",54318,"Staten Island","Richmond"
"10307",15053,"Staten Island","Richmond"
"10308",28901,"Staten Island","Richmond"
"10309",33896,"Staten Island","Richmond"
"10310",24168,"Staten Island","Richmond"
"10312",61114,"Staten Island","Richmond"
"10314",89938,"Staten Island","Richmond"
"10451",49423,"Bronx","Bronx"
"10452",74379,"Bronx","Bronx"
"10453",78858,"Bronx","Bronx"
"10454",37807,"Bronx","Bronx"
"10455",40300,"Bronx","Bronx"
"10456",90479,"Bronx","Bronx"
"10457",74679,"Bronx","Bronx"
"10458",85893,"Bronx","Bronx"
"10459",48391,"Bronx","Bronx"
"10460",57514,"Bronx","Bronx"
"10461",51081,"Bronx","Bronx"
"10462",75441,"Bronx","Bronx"
"10463",70236,"Bronx","Bronx"
"10464",4322,"Bronx","Bronx"
"10465",45066,"Bronx","Bronx"
"10466",74519,"Bronx","Bronx"
"10467",100867,"Bronx","Bronx"
"10468",78778,"Bronx","Bronx"
"10469",72550,"Bronx","Bronx"
"10470",15500,"Bronx","Bronx"
"10471",22577,"Bronx","Bronx"
"10472",67989,"Bronx","Bronx"
"10473",59627,"Bronx","Bronx"
"10474",11579,"Bronx","Bronx"
"10475",43791,"Bronx","Bronx"
"10501",1237,"Amawalk","Westchester"
"10502",5351,"Ardsley","Westchester"
"10504",8053,"Armonk","Westchester"
"10505",1336,"Baldwin Place","Westchester"
"10506",5555,"Bedford","Westchester"
"10507",7152,"Bedford Hills","Westchester"
"10509",20230,"Brewster","Putnam"
"10510",10300,"Briarcliff Manor","Westchester"
"10511",2300,"Buchanan","Westchester"
"10512",24619,"Carmel","Putnam"
"10514",12543,"Chappaqua","Westchester"
"10516",5449,"Cold Spring","Putnam"
"10517",497,"Crompond","Westchester"
"10518",1041,"Cross River","Westchester"
"10519",305,"Croton Falls","Westchester"
"10520",12885,"Croton On Hudson","Westchester"
"10522",11052,"Dobbs Ferry","Westchester"
"10523",9415,"Elmsford","Westchester"
"10524",4317,"Garrison","Putnam"
"10526",1860,"Goldens Bridge","Westchester"
"10527",829,"Granite Springs","Westchester"
"10528",13395,"Harrison","Westchester"
"10530",12925,"Hartsdale","Westchester"
"10532",4739,"Hawthorne","Westchester"
"10533",7463,"Irvington","Westchester"
"10535",254,"Jefferson Valley","Westchester"
"10536",11002,"Katonah","Westchester"
"10537",2769,"Lake Peekskill","Putnam"
"10538",16151,"Larchmont","Westchester"
"10541",26678,"Mahopac","Putnam"
"10543",20999,"Mamaroneck","Westchester"
"10546",1085,"Millwood","Westchester"
"10547",8034,"Mohegan Lake","Westchester"
"10548",4087,"Montrose","Westchester"
"10549",16121,"Mount Kisco","Westchester"
"10550",36382,"Mount Vernon","Westchester"
"10552",21342,"Mount Vernon","Westchester"
"10553",9747,"Mount Vernon","Westchester"
"10560",4814,"North Salem","Westchester"
"10562",31847,"Ossining","Westchester"
"10566",24111,"Peekskill","Westchester"
"10567",20094,"Cortlandt Manor","Westchester"
"10570",12780,"Pleasantville","Westchester"
"10573",38749,"Port Chester","Westchester"
"10576",5036,"Pound Ridge","Westchester"
"10577",6387,"Purchase","Westchester"
"10578",1386,"Purdys","Westchester"
"10579",8250,"Putnam Valley","Putnam"
"10580",17185,"Rye","Westchester"
"10583",41087,"Scarsdale","Westchester"
"10588",3102,"Shrub Oak","Westchester"
"10589",8080,"Somers","Westchester"
"10590",7208,"South Salem","Westchester"
"10591",23059,"Tarrytown","Westchester"
"10594",5587,"Thornwood","Westchester"
"10595",8439,"Valhalla","Westchester"
"10596",1051,"Verplanck","Westchester"
"10597",699,"Waccabuc","Westchester"
"10598",28708,"Yorktown Heights","Westchester"
"10601",10256,"White Plains","Westchester"
"10603",18862,"White Plains","Westchester"
"10604",11132,"West Harrison","Westchester"
"10605",19849,"White Plains","Westchester"
"10606",16199,"White Plains","Westchester"
"10607",7162,"White Plains","Westchester"
"10701",61367,"Yonkers","Westchester"
"10703",22636,"Yonkers","Westchester"
"10704",31110,"Yonkers","Westchester"
"10705",39848,"Yonkers","Westchester"
"10706",8622,"Hastings On Hudson","Westchester"
"10707",9713,"Tuckahoe","Westchester"
"10708",22212,"Bronxville","Westchester"
"10709",9369,"Eastchester","Westchester"
"10710",25104,"Yonkers","Westchester"
"10801",40445,"New Rochelle","Westchester"
"10803",12492,"Pelham","Westchester"
"10804",14365,"New Rochelle","Westchester"
"10805",21331,"New Rochelle","Westchester"
"10901",23860,"Suffern","Rockland"
"10913",5294,"Blauvelt","Rockland"
"10914",391,"Blooming Grove","Orange"
"10916",4582,"Campbell Hall","Orange"
"10917",1650,"Central Valley","Orange"
"10918",12286,"Chester","Orange"
"10919",1286,"Circleville","Orange"
"10920",8919,"Congers","Rockland"
"10921",3812,"Florida","Orange"
"10922",1778,"Fort Montgomery","Orange"
"10923",7753,"Garnerville","Rockland"
"10924",13538,"Goshen","Orange"
"10925",3886,"Greenwood Lake","Orange"
"10926",3482,"Harriman","Orange"
"10927",12076,"Haverstraw","Rockland"
"10928",4132,"Highland Falls","Orange"
"10930",9789,"Highland Mills","Orange"
"10931",1031,"Hillburn","Rockland"
"10933",417,"Johnson","Orange"
"10940",49430,"Middletown","Orange"
"10941",13384,"Middletown","Orange"
"10950",53013,"Monroe","Orange"
"10952",43374,"Monsey","Rockland"
"10954",25870,"Nanuet","Rockland"
"10956",30697,"New City","Rockland"
"10958",3236,"New Hampton","Orange"
"10960",15757,"Nyack","Rockland"
"10962",5927,"Orangeburg","Rockland"
"10963",4367,"Otisville","Orange"
"10964",1506,"Palisades","Rockland"
"10965",15493,"Pearl River","Rockland"
"10968",2466,"Piermont","Rockland"
"10969",1098,"Pine Island","Orange"
"10970",10433,"Pomona","Rockland"
"10973",2510,"Slate Hill","Orange"
"10974",3189,"Sloatsburg","Rockland"
"10976",2300,"Sparkill","Rockland"
"10977",64677,"Spring Valley","Rockland"
"10980",13923,"Stony Point","Rockland"
"10983",5597,"Tappan","Rockland"
"10984",2661,"Thiells","Rockland"
"10986",1836,"Tomkins Cove","Rockland"
"10987",3499,"Tuxedo Park","Orange"
"10988",596,"Unionville","Orange"
"10989",8415,"Valley Cottage","Rockland"
"10990",20735,"Warwick","Orange"
"10992",8830,"Washingtonville","Orange"
"10993",5044,"West Haverstraw","Rockland"
"10994",7115,"West Nyack","Rockland"
"10996",6342,"West Point","Orange"
"10998",3428,"Westtown","Orange"
"11001",26542,"Floral Park","Nassau"
"11003",44712,"Elmont","Nassau"
"11004",15297,"Glen Oaks","Queens"
"11005",2249,"Floral Park","Queens"
"11010",25318,"Franklin Square","Nassau"
"11020",6325,"Great Neck","Nassau"
"11021",18181,"Great Neck","Nassau"
"11023",9479,"Great Neck","Nassau"
"11024",7869,"Great Neck","Nassau"
"11030",18450,"Manhasset","Nassau"
"11040",41523,"New Hyde Park","Nassau"
"11042",475,"New Hyde Park","Nassau"
"11050",30699,"Port Washington","Nassau"
"11096",8155,"Inwood","Nassau"
"11101",32537,"Long Island City","Queens"
"11102",28359,"Astoria","Queens"
"11103",35419,"Astoria","Queens"
"11104",25037,"Sunnyside","Queens"
"11105",37452,"Astoria","Queens"
"11106",37094,"Astoria","Queens"
"11109",6127,"Long Island City","Queens"
"11201",64798,"Brooklyn","Kings"
"11203",77589,"Brooklyn","Kings"
"11204",75840,"Brooklyn","Kings"
"11205",47866,"Brooklyn","Kings"
"11206",87599,"Brooklyn","Kings"
"11207",90867,"Brooklyn","Kings"
"11208",102626,"Brooklyn","Kings"
"11209",68368,"Brooklyn","Kings"
"11210",62423,"Brooklyn","Kings"
"11211",104561,"Brooklyn","Kings"
"11212",74037,"Brooklyn","Kings"
"11213",67382,"Brooklyn","Kings"
"11214",90372,"Brooklyn","Kings"
"11215",69995,"Brooklyn","Kings"
"11216",59567,"Brooklyn","Kings"
"11217",42461,"Brooklyn","Kings"
"11218",73280,"Brooklyn","Kings"
"11219",87812,"Brooklyn","Kings"
"11220",90657,"Brooklyn","Kings"
"11221",85582,"Brooklyn","Kings"
"11222",36710,"Brooklyn","Kings"
"11223",80500,"Brooklyn","Kings"
"11224",45587,"Brooklyn","Kings"
"11225",56072,"Brooklyn","Kings"
"11226",96332,"Brooklyn","Kings"
"11228",43878,"Brooklyn","Kings"
"11229",81909,"Brooklyn","Kings"
"11230",87188,"Brooklyn","Kings"
"11231",37796,"Brooklyn","Kings"
"11232",26501,"Brooklyn","Kings"
"11233",79796,"Brooklyn","Kings"
"11234",90372,"Brooklyn","Kings"
"11235",76921,"Brooklyn","Kings"
"11236",98821,"Brooklyn","Kings"
"11237",46772,"Brooklyn","Kings"
"11238",55102,"Brooklyn","Kings"
"11239",12832,"Brooklyn","Kings"
"11354",52351,"Flushing","Queens"
"11355",81358,"Flushing","Queens"
"11356",24178,"College Point","Queens"
"11357",40118,"Whitestone","Queens"
"11358",36665,"Flushing","Queens"
"11360",18892,"Bayside","Queens"
"11361",28531,"Bayside","Queens"
"11362",18694,"Little Neck","Queens"
"11363",6834,"Little Neck","Queens"
"11364",35866,"Oakland Gardens","Queens"
"11365",43730,"Fresh Meadows","Queens"
"11366",14109,"Fresh Meadows","Queens"
"11367",40141,"Flushing","Queens"
"11368",108661,"Corona","Queens"
"11369",30693,"East Elmhurst","Queens"
"11370",29366,"East Elmhurst","Queens"
"11372",63107,"Jackson Heights","Queens"
"11373",96495,"Elmhurst","Queens"
"11374",43173,"Rego Park","Queens"
"11375",72615,"Forest Hills","Queens"
"11377",82021,"Woodside","Queens"
"11378",39033,"Maspeth","Queens"
"11379",37780,"Middle Village","Queens"
"11385",105025,"Ridgewood","Queens"
"11411",20473,"Cambria Heights","Queens"
"11412",37987,"Saint Albans","Queens"
"11413",41810,"Springfield Gardens","Queens"
"11414",27672,"Howard Beach","Queens"
"11415",18464,"Kew Gardens","Queens"
"11416",26087,"Ozone Park","Queens"
"11417",31156,"Ozone Park","Queens"
"11418",37666,"Richmond Hill","Queens"
"11419",47955,"South Richmond Hill","Queens"
"11420",47266,"South Ozone Park","Queens"
"11421",39654,"Woodhaven","Queens"
"11422",32786,"Rosedale","Queens"
"11423",29532,"Hollis","Queens"
"11426",20222,"Bellerose","Queens"
"11427",25096,"Queens Village","Queens"
"11428",19830,"Queens Village","Queens"
"11429",27808,"Queens Village","Queens"
"11430",220,"Jamaica","Queens"
"11432",64282,"Jamaica","Queens"
"11433",36929,"Jamaica","Queens"
"11434",62590,"Jamaica","Queens"
"11435",59392,"Jamaica","Queens"
"11436",18955,"Jamaica","Queens"
"11501",19675,"Mineola","Nassau"
"11507",7051,"Albertson","Nassau"
"11509",1790,"Atlantic Beach","Nassau"
"11510",33949,"Baldwin","Nassau"
"11514",4644,"Carle Place","Nassau"
"11516",7476,"Cedarhurst","Nassau"
"11518",9819,"East Rockaway","Nassau"
"11520",43451,"Freeport","Nassau"
"11530",27669,"Garden City","Nassau"
"11542",27666,"Glen Cove","Nassau"
"11545",12686,"Glen Head","Nassau"
"11547",625,"Glenwood Landing","Nassau"
"11548",2491,"Greenvale","Nassau"
"11549",2728,"Hempstead","Nassau"
"11550",57073,"Hempstead","Nassau"
"11552",25169,"West Hempstead","Nassau"
"11553",26938,"Uniondale","Nassau"
"11554",37992,"East Meadow","Nassau"
"11557",7950,"Hewlett","Nassau"
"11558",8435,"Island Park","Nassau"
"11559",8265,"Lawrence","Nassau"
"11560",6850,"Locust Valley","Nassau"
"11561",37759,"Long Beach","Nassau"
"11563",21537,"Lynbrook","Nassau"
"11565",8921,"Malverne","Nassau"
"11566",33626,"Merrick","Nassau"
"11568",4470,"Old Westbury","Nassau"
"11569",1175,"Point Lookout","Nassau"
"11570",27240,"Rockville Centre","Nassau"
"11572",28673,"Oceanside","Nassau"
"11575",16799,"Roosevelt","Nassau"
"11576",12606,"Roslyn","Nassau"
"11577",12120,"Roslyn Heights","Nassau"
"11579",5183,"Sea Cliff","Nassau"
"11580",41930,"Valley Stream","Nassau"
"11581",21847,"Valley Stream","Nassau"
"11590",47468,"Westbury","Nassau"
"11596",10276,"Williston Park","Nassau"
"11598",13977,"Woodmere","Nassau"
"11691",68454,"Far Rockaway","Queens"
"11692",22394,"Arverne","Queens"
"11693",13029,"Far Rockaway","Queens"
"11694",21258,"Rockaway Park","Queens"
"11697",3527,"Breezy Point","Queens"
"11701",27264,"Amityville","Suffolk"
"11702",13963,"Babylon","Suffolk"
"11703",16820,"North Babylon","Suffolk"
"11704",39960,"West Babylon","Suffolk"
"11705",8033,"Bayport","Suffolk"
"11706",67484,"Bay Shore","Suffolk"
"11709",6720,"Bayville","Nassau"
"11710",35473,"Bellmore","Nassau"
"11713",8247,"Bellport","Suffolk"
"11714",22769,"Bethpage","Nassau"
"11715",4287,"Blue Point","Suffolk"
"11716",9748,"Bohemia","Suffolk"
"11717",62888,"Brentwood","Suffolk"
"11718",3070,"Brightwaters","Suffolk"
"11719",3209,"Brookhaven","Suffolk"
"11720",28773,"Centereach","Suffolk"
"11721",6258,"Centerport","Suffolk"
"11722",34139,"Central Islip","Suffolk"
"11724",3089,"Cold Spring Harbor","Suffolk"
"11725",29229,"Commack","Suffolk"
"11726",21012,"Copiague","Suffolk"
"11727",29262,"Coram","Suffolk"
"11729",25597,"Deer Park","Suffolk"
"11730",13335,"East Islip","Suffolk"
"11731",30951,"East Northport","Suffolk"
"11732",3505,"East Norwich","Nassau"
"11733",17000,"East Setauket","Suffolk"
"11735",33299,"Farmingdale","Nassau"
"11738",19364,"Farmingville","Suffolk"
"11739",1307,"Great River","Suffolk"
"11740",9321,"Greenlawn","Suffolk"
"11741",26245,"Holbrook","Suffolk"
"11742",11968,"Holtsville","Suffolk"
"11743",42636,"Huntington","Suffolk"
"11746",66518,"Huntington Station","Suffolk"
"11747",18795,"Melville","Suffolk"
"11749",3315,"Islandia","Suffolk"
"11751",13399,"Islip","Suffolk"
"11752",8821,"Islip Terrace","Suffolk"
"11753",13092,"Jericho","Nassau"
"11754",17861,"Kings Park","Suffolk"
"11755",12514,"Lake Grove","Suffolk"
"11756",42856,"Levittown","Nassau"
"11757",44130,"Lindenhurst","Suffolk"
"11758",53034,"Massapequa","Nassau"
"11762",22263,"Massapequa Park","Nassau"
"11763",28769,"Medford","Suffolk"
"11764",13633,"Miller Place","Suffolk"
"11765",871,"Mill Neck","Nassau"
"11766",11018,"Mount Sinai","Suffolk"
"11767",15051,"Nesconset","Suffolk"
"11768",20903,"Northport","Suffolk"
"11769",8299,"Oakdale","Suffolk"
"11771",9517,"Oyster Bay","Nassau"
"11772",46311,"Patchogue","Suffolk"
"11776",23578,"Port Jefferson Station","Suffolk"
"11777",9156,"Port Jefferson","Suffolk"
"11778",11855,"Rocky Point","Suffolk"
"11779",38091,"Ronkonkoma","Suffolk"
"11780",15934,"Saint James","Suffolk"
"11782",15057,"Sayville","Suffolk"
"11783",21285,"Seaford","Nassau"
"11784",25014,"Selden","Suffolk"
"11786",6225,"Shoreham","Suffolk"
"11787",33837,"Smithtown","Suffolk"
"11788",16693,"Hauppauge","Suffolk"
"11789",7496,"Sound Beach","Suffolk"
"11790",16099,"Stony Brook","Suffolk"
"11791",25776,"Syosset","Nassau"
"11792",8413,"Wading River","Suffolk"
"11793",30601,"Wantagh","Nassau"
"11794",3363,"Stony Brook","Suffolk"
"11795",25062,"West Islip","Suffolk"
"11796",4112,"West Sayville","Suffolk"
"11797",8998,"Woodbury","Nassau"
"11798",15636,"Wyandanch","Suffolk"
"11801",40179,"Hicksville","Nassau"
"11803",29208,"Plainview","Nassau"
"11804",4639,"Old Bethpage","Nassau"
"11901",28760,"Riverhead","Suffolk"
"11930",618,"Amagansett","Suffolk"
"11932",1099,"Bridgehampton","Suffolk"
"11933",6475,"Calverton","Suffolk"
"11934",7357,"Center Moriches","Suffolk"
"11935",3008,"Cutchogue","Suffolk"
"11937",16672,"East Hampton","Suffolk"
"11939",1144,"East Marion","Suffolk"
"11940",4963,"East Moriches","Suffolk"
"11941",1770,"Eastport","Suffolk"
"11942",5053,"East Quogue","Suffolk"
"11944",4144,"Greenport","Suffolk"
"11946",15058,"Hampton Bays","Suffolk"
"11947",423,"Jamesport","Suffolk"
"11948",670,"Laurel","Suffolk"
"11949",13457,"Manorville","Suffolk"
"11950",16130,"Mastic","Suffolk"
"11951",14756,"Mastic Beach","Suffolk"
"11952",5031,"Mattituck","Suffolk"
"11953",14301,"Middle Island","Suffolk"
"11954",3563,"Montauk","Suffolk"
"11955",3149,"Moriches","Suffolk"
"11956",353,"New Suffolk","Suffolk"
"11957",1023,"Orient","Suffolk"
"11958",683,"Peconic","Suffolk"
"11959",571,"Quogue","Suffolk"
"11960",721,"Remsenburg","Suffolk"
"11961",13701,"Ridge","Suffolk"
"11962",296,"Sagaponack","Suffolk"
"11963",6966,"Sag Harbor","Suffolk"
"11964",2287,"Shelter Island","Suffolk"
"11965",456,"Shelter Island Heights","Suffolk"
"11967",29130,"Shirley","Suffolk"
"11968",10778,"Southampton","Suffolk"
"11970",391,"South Jamesport","Suffolk"
"11971",6073,"Southold","Suffolk"
"11972",983,"Speonk","Suffolk"
"11976",1847,"Water Mill","Suffolk"
"11977",2629,"Westhampton","Suffolk"
"11978",2981,"Westhampton Beach","Suffolk"
"11980",5966,"Yaphank","Suffolk"
"12008",542,"Alplaus","Schenectady"
"12009",7690,"Altamont","Albany"
"12010",27556,"Amsterdam","Montgomery"
"12015",3347,"Athens","Greene"
"12017",445,"Austerlitz","Columbia"
"12018",7112,"Averill Park","Rensselaer"
"12019",14244,"Ballston Lake","Saratoga"
"12020",33235,"Ballston Spa","Saratoga"
"12022",652,"Berlin","Rensselaer"
"12023",2376,"Berne","Albany"
"12025",5331,"Broadalbin","Fulton"
"12027",3996,"Burnt Hills","Saratoga"
"12028",707,"Buskirk","Rensselaer"
"12029",1082,"Canaan","Columbia"
"12032",753,"Caroga Lake","Fulton"
"12033",8152,"Castleton On Hudson","Rensselaer"
"12035",579,"Central Bridge","Schoharie"
"12036",252,"Charlotteville","Schoharie"
"12037",4489,"Chatham","Columbia"
"12041",681,"Clarksville","Albany"
"12042",233,"Climax","Greene"
"12043",8202,"Cobleskill","Schoharie"
"12045",449,"Coeymans","Albany"
"12046",1103,"Coeymans Hollow","Albany"
"12047",21453,"Cohoes","Albany"
"12051",6769,"Coxsackie","Greene"
"12052",1921,"Cropseyville","Rensselaer"
"12053",4611,"Delanson","Schenectady"
"12054",16948,"Delmar","Albany"
"12056",2543,"Duanesburg","Schenectady"
"12057",2176,"Eagle Bridge","Washington"
"12058",971,"Earlton","Greene"
"12059",1719,"East Berne","Albany"
"12060",1687,"East Chatham","Columbia"
"12061",9725,"East Greenbush","Rensselaer"
"12062",1601,"East Nassau","Rensselaer"
"12063",770,"East Schodack","Rensselaer"
"12064",307,"East Worcester","Otsego"
"12065",42432,"Clifton Park","Saratoga"
"12066",1837,"Esperance","Montgomery"
"12067",1554,"Feura Bush","Albany"
"12068",3029,"Fonda","Montgomery"
"12069",294,"Fort Hunter","Montgomery"
"12070",1974,"Fort Johnson","Montgomery"
"12071",319,"Fultonham","Schoharie"
"12072",3065,"Fultonville","Montgomery"
"12074",2957,"Galway","Saratoga"
"12075",2530,"Ghent","Columbia"
"12076",1188,"Gilboa","Schoharie"
"12077",6488,"Glenmont","Albany"
"12078",22956,"Gloversville","Fulton"
"12083",3830,"Greenville","Greene"
"12084",4806,"Guilderland","Albany"
"12085",430,"Guilderland Center","Albany"
"12086",1379,"Hagaman","Montgomery"
"12087",1069,"Hannacroix","Greene"
"12090",5931,"Hoosick Falls","Rensselaer"
"12092",1008,"Howes Cave","Schoharie"
"12093",1602,"Jefferson","Schoharie"
"12094",2260,"Johnsonville","Rensselaer"
"12095",11986,"Johnstown","Fulton"
"12106",2299,"Kinderhook","Columbia"
"12108",354,"Lake Pleasant","Hamilton"
"12110",21223,"Latham","Albany"
"12116",1506,"Maryland","Otsego"
"12117",3163,"Mayfield","Fulton"
"12118",16467,"Mechanicville","Saratoga"
"12120",733,"Medusa","Albany"
"12121",2110,"Melrose","Rensselaer"
"12122",4137,"Middleburgh","Schoharie"
"12123",5120,"Nassau","Rensselaer"
"12124",545,"New Baltimore","Greene"
"12125",1084,"New Lebanon","Columbia"
"12130",892,"Niverville","Columbia"
"12132",352,"North Chatham","Columbia"
"12134",4232,"Northville","Fulton"
"12136",658,"Old Chatham","Columbia"
"12137",1993,"Pattersonville","Schenectady"
"12138",3156,"Petersburg","Rensselaer"
"12140",1681,"Poestenkill","Rensselaer"
"12143",5032,"Ravena","Albany"
"12144",20604,"Rensselaer","Rensselaer"
"12147",495,"Rensselaerville","Albany"
"12148",4143,"Rexford","Saratoga"
"12149",2358,"Richmondville","Schoharie"
"12150",849,"Rotterdam Junction","Schenectady"
"12151",1302,"Round Lake","Saratoga"
"12153",809,"Sand Lake","Rensselaer"
"12154",3249,"Schaghticoke","Rensselaer"
"12155",1979,"Schenevus","Otsego"
"12156",752,"Schodack Landing","Rensselaer"
"12157",4597,"Schoharie","Schoharie"
"12158",6550,"Selkirk","Albany"
"12159",7971,"Slingerlands","Albany"
"12160",841,"Sloansville","Schoharie"
"12164",402,"Speculator","Hamilton"
"12166",1145,"Sprakers","Montgomery"
"12167",2663,"Stamford","Delaware"
"12168",1993,"Stephentown","Rensselaer"
"12169",353,"Stephentown","Rensselaer"
"12170",5034,"Stillwater","Saratoga"
"12173",2139,"Stuyvesant","Columbia"
"12174",526,"Stuyvesant Falls","Columbia"
"12175",639,"Summit","Schoharie"
"12176",373,"Surprise","Greene"
"12177",547,"Tribes Hill","Montgomery"
"12180",53181,"Troy","Rensselaer"
"12182",13886,"Troy","Rensselaer"
"12183",2647,"Troy","Albany"
"12184",6762,"Valatie","Columbia"
"12185",2007,"Valley Falls","Rensselaer"
"12186",6190,"Voorheesville","Albany"
"12187",519,"Warnerville","Schoharie"
"12188",11774,"Waterford","Saratoga"
"12189",17945,"Watervliet","Albany"
"12190",687,"Wells","Hamilton"
"12192",1778,"West Coxsackie","Greene"
"12193",1888,"Westerlo","Albany"
"12195",245,"West Lebanon","Columbia"
"12196",4072,"West Sand Lake","Rensselaer"
"12197",2139,"Worcester","Otsego"
"12198",7119,"Wynantskill","Rensselaer"
"12202",7753,"Albany","Albany"
"12203",30837,"Albany","Albany"
"12204",7497,"Albany","Albany"
"12205",26039,"Albany","Albany"
"12206",15537,"Albany","Albany"
"12207",2264,"Albany","Albany"
"12208",20517,"Albany","Albany"
"12209",10237,"Albany","Albany"
"12210",11057,"Albany","Albany"
"12211",11227,"Albany","Albany"
"12222",6151,"Albany","Albany"
"12302",27665,"Schenectady","Schenectady"
"12303",29416,"Schenectady","Schenectady"
"12304",20929,"Schenectady","Schenectady"
"12305",6246,"Schenectady","Schenectady"
"12306",26934,"Schenectady","Schenectady"
"12307",7219,"Schenectady","Schenectady"
"12308",14038,"Schenectady","Schenectady"
"12309",30992,"Schenectady","Schenectady"
"12401",34800,"Kingston","Ulster"
"12404",3679,"Accord","Ulster"
"12405",579,"Acra","Greene"
"12406",695,"Arkville","Delaware"
"12409",723,"Bearsville","Ulster"
"12410",366,"Big Indian","Ulster"
"12411",349,"Bloomington","Ulster"
"12412",460,"Boiceville","Ulster"
"12413",3290,"Cairo","Greene"
"12414",9726,"Catskill","Greene"
"12416",439,"Chichester","Ulster"
"12417",559,"Connelly","Ulster"
"12418",313,"Cornwallville","Greene"
"12419",495,"Cottekill","Ulster"
"12420",436,"Cragsmoor","Ulster"
"12421",207,"Denver","Delaware"
"12422",272,"Durham","Greene"
"12423",1320,"East Durham","Greene"
"12427",962,"Elka Park","Greene"
"12428",6535,"Ellenville","Ulster"
"12429",314,"Esopus","Ulster"
"12430",1570,"Fleischmanns","Delaware"
"12431",1125,"Freehold","Greene"
"12432",514,"Glasco","Ulster"
"12433",483,"Glenford","Ulster"
"12434",813,"Grand Gorge","Delaware"
"12439",380,"Hensonville","Greene"
"12440",1449,"High Falls","Ulster"
"12442",901,"Hunter","Greene"
"12443",3721,"Hurley","Ulster"
"12444",555,"Jewett","Greene"
"12446",4683,"Kerhonkson","Ulster"
"12448",387,"Lake Hill","Ulster"
"12449",3208,"Lake Katrine","Ulster"
"12451",1425,"Leeds","Greene"
"12452",253,"Lexington","Greene"
"12453",345,"Malden On Hudson","Ulster"
"12454",380,"Maplecrest","Greene"
"12455",1553,"Margaretville","Delaware"
"12456",968,"Mount Marion","Ulster"
"12457",911,"Mount Tremper","Ulster"
"12458",3223,"Napanoch","Ulster"
"12460",340,"Oak Hill","Greene"
"12461",1343,"Olivebridge","Ulster"
"12463",1700,"Palenville","Greene"
"12464",958,"Phoenicia","Ulster"
"12465",301,"Pine Hill","Ulster"
"12466",2110,"Port Ewen","Ulster"
"12468",955,"Prattsville","Greene"
"12469",642,"Preston Hollow","Albany"
"12470",564,"Purling","Greene"
"12471",384,"Rifton","Ulster"
"12472",1482,"Rosendale","Ulster"
"12473",573,"Round Top","Greene"
"12474",934,"Roxbury","Delaware"
"12475",373,"Ruby","Ulster"
"12477",17870,"Saugerties","Ulster"
"12480",407,"Shandaken","Ulster"
"12481",1732,"Shokan","Ulster"
"12482",612,"South Cairo","Greene"
"12483",205,"Spring Glen","Ulster"
"12484",3318,"Stone Ridge","Ulster"
"12485",650,"Tannersville","Greene"
"12486",1874,"Tillson","Ulster"
"12487",3370,"Ulster Park","Ulster"
"12489",1055,"Wawarsing","Ulster"
"12491",1660,"West Hurley","Ulster"
"12494",762,"West Shokan","Ulster"
"12496",1516,"Windham","Greene"
"12498",4713,"Woodstock","Ulster"
"12501",2158,"Amenia","Dutchess"
"12502",1224,"Ancram","Columbia"
"12503",617,"Ancramdale","Columbia"
"12504",1490,"Annandale On Hudson","Dutchess"
"12507",210,"Barrytown","Dutchess"
"12508",19812,"Beacon","Dutchess"
"12512",244,"Chelsea","Dutchess"
"12513",431,"Claverack","Columbia"
"12514",2772,"Clinton Corners","Dutchess"
"12515",1657,"Clintondale","Ulster"
"12516",1882,"Copake","Columbia"
"12517",391,"Copake Falls","Columbia"
"12518",5861,"Cornwall","Orange"
"12520",2970,"Cornwall On Hudson","Orange"
"12521",1522,"Craryville","Columbia"
"12522",4918,"Dover Plains","Dutchess"
"12523",1810,"Elizaville","Columbia"
"12524",15608,"Fishkill","Dutchess"
"12525",2966,"Gardiner","Ulster"
"12526",3530,"Germantown","Columbia"
"12528",12767,"Highland","Ulster"
"12529",1919,"Hillsdale","Columbia"
"12531",2645,"Holmes","Dutchess"
"12533",26361,"Hopewell Junction","Dutchess"
"12534",17814,"Hudson","Columbia"
"12538",14566,"Hyde Park","Dutchess"
"12540",8882,"Lagrangeville","Dutchess"
"12542",5684,"Marlboro","Ulster"
"12543",3586,"Maybrook","Orange"
"12545",4517,"Millbrook","Dutchess"
"12546",2824,"Millerton","Dutchess"
"12547",2810,"Milton","Ulster"
"12548",1133,"Modena","Ulster"
"12549",11453,"Montgomery","Orange"
"12550",54503,"Newburgh","Orange"
"12553",26665,"New Windsor","Orange"
"12561",18224,"New Paltz","Ulster"
"12563",7579,"Patterson","Putnam"
"12564",7710,"Pawling","Dutchess"
"12565",997,"Philmont","Columbia"
"12566",11886,"Pine Bush","Orange"
"12567",2608,"Pine Plains","Dutchess"
"12569",9838,"Pleasant Valley","Dutchess"
"12570",6772,"Poughquag","Dutchess"
"12571",10037,"Red Hook","Dutchess"
"12572",8961,"Rhinebeck","Dutchess"
"12574",502,"Rhinecliff","Dutchess"
"12575",1930,"Rock Tavern","Orange"
"12577",1929,"Salisbury Mills","Orange"
"12578",2100,"Salt Point","Dutchess"
"12580",4359,"Staatsburg","Dutchess"
"12581",2231,"Stanfordville","Dutchess"
"12582",6213,"Stormville","Dutchess"
"12583",2160,"Tivoli","Dutchess"
"12585",928,"Verbank","Dutchess"
"12586",11774,"Walden","Orange"
"12589",17843,"Wallkill","Ulster"
"12590",34823,"Wappingers Falls","Dutchess"
"12592",1671,"Wassaic","Dutchess"
"12594",4150,"Wingdale","Dutchess"
"12601",41037,"Poughkeepsie","Dutchess"
"12603",42140,"Poughkeepsie","Dutchess"
"12604",594,"Poughkeepsie","Dutchess"
"12701",11278,"Monticello","Sullivan"
"12719",1229,"Barryville","Sullivan"
"12721",5881,"Bloomingburg","Sullivan"
"12723",1561,"Callicoon","Sullivan"
"12724",246,"Callicoon Center","Sullivan"
"12726",1440,"Cochecton","Sullivan"
"12729",1650,"Cuddebackville","Orange"
"12732",753,"Eldred","Sullivan"
"12733",1129,"Fallsburg","Sullivan"
"12734",828,"Ferndale","Sullivan"
"12737",1800,"Glen Spey","Sullivan"
"12738",322,"Glen Wild","Sullivan"
"12740",1927,"Grahamsville","Sullivan"
"12743",391,"Highland Lake","Sullivan"
"12745",247,"Hortonville","Sullivan"
"12746",663,"Huguenot","Orange"
"12747",2072,"Hurleyville","Sullivan"
"12748",2042,"Jeffersonville","Sullivan"
"12749",393,"Kauneonga Lake","Sullivan"
"12750",233,"Kenoza Lake","Sullivan"
"12751",1019,"Kiamesha Lake","Sullivan"
"12752",296,"Lake Huntington","Sullivan"
"12754",7142,"Liberty","Sullivan"
"12758",3699,"Livingston Manor","Sullivan"
"12759",2443,"Loch Sheldrake","Sullivan"
"12760",478,"Long Eddy","Sullivan"
"12762",783,"Mongaup Valley","Sullivan"
"12763",684,"Mountain Dale","Sullivan"
"12764",1770,"Narrowsburg","Sullivan"
"12765",937,"Neversink","Sullivan"
"12766",248,"North Branch","Sullivan"
"12767",250,"Obernburg","Sullivan"
"12768",930,"Parksville","Sullivan"
"12769",229,"Phillipsport","Sullivan"
"12770",248,"Pond Eddy","Sullivan"
"12771",14408,"Port Jervis","Orange"
"12775",2151,"Rock Hill","Sullivan"
"12776",2361,"Roscoe","Sullivan"
"12777",863,"Forestburgh","Sullivan"
"12778",500,"Smallwood","Sullivan"
"12779",1701,"South Fallsburg","Sullivan"
"12780",2165,"Sparrow Bush","Orange"
"12781",242,"Summitville","Sullivan"
"12783",1605,"Swan Lake","Sullivan"
"12785",1390,"Westbrookville","Sullivan"
"12786",336,"White Lake","Sullivan"
"12787",278,"White Sulphur Springs","Sullivan"
"12788",2909,"Woodbourne","Sullivan"
"12789",2009,"Woodridge","Sullivan"
"12790",3933,"Wurtsboro","Sullivan"
"12791",745,"Youngsville","Sullivan"
"12801",14330,"Glens Falls","Warren"
"12803",8317,"South Glens Falls","Saratoga"
"12804",26112,"Queensbury","Warren"
"12808",243,"Adirondack","Warren"
"12809",3751,"Argyle","Washington"
"12810",630,"Athol","Warren"
"12812",214,"Blue Mountain Lake","Hamilton"
"12814",1259,"Bolton Landing","Warren"
"12815",1027,"Brant Lake","Warren"
"12816",4642,"Cambridge","Washington"
"12817",2243,"Chestertown","Warren"
"12819",236,"Clemons","Washington"
"12821",2839,"Comstock","Washington"
"12822",5962,"Corinth","Saratoga"
"12823",527,"Cossayuna","Washington"
"12824",946,"Diamond Point","Warren"
"12827",3455,"Fort Ann","Washington"
"12828",9690,"Fort Edward","Washington"
"12831",17389,"Gansevoort","Saratoga"
"12832",6500,"Granville","Washington"
"12833",4544,"Greenfield Center","Saratoga"
"12834",6101,"Greenwich","Washington"
"12835",2530,"Hadley","Saratoga"
"12836",605,"Hague","Warren"
"12837",1140,"Hampton","Washington"
"12838",638,"Hartford","Washington"
"12839",13011,"Hudson Falls","Washington"
"12842",765,"Indian Lake","Hamilton"
"12843",482,"Johnsburg","Warren"
"12844",292,"Kattskill Bay","Warren"
"12845",4610,"Lake George","Warren"
"12846",3248,"Lake Luzerne","Warren"
"12847",400,"Long Lake","Hamilton"
"12849",303,"Middle Granville","Washington"
"12850",2866,"Middle Grove","Saratoga"
"12851",353,"Minerva","Essex"
"12852",344,"Newcomb","Essex"
"12853",1834,"North Creek","Warren"
"12855",244,"North Hudson","Essex"
"12856",291,"North River","Warren"
"12857",684,"Olmstedville","Essex"
"12859",2425,"Porter Corners","Saratoga"
"12860",480,"Pottersville","Warren"
"12861",530,"Putnam Station","Washington"
"12863",880,"Rock City Falls","Saratoga"
"12865",3470,"Salem","Washington"
"12866",38732,"Saratoga Springs","Saratoga"
"12870",1736,"Schroon Lake","Essex"
"12871",4361,"Schuylerville","Saratoga"
"12873",875,"Shushan","Washington"
"12878",663,"Stony Creek","Warren"
"12883",4790,"Ticonderoga","Essex"
"12884",593,"Victory Mills","Saratoga"
"12885",4437,"Warrensburg","Warren"
"12886",273,"Wevertown","Warren"
"12887",4857,"Whitehall","Washington"
"12901",33048,"Plattsburgh","Clinton"
"12903",1306,"Plattsburgh","Clinton"
"12910",2190,"Altona","Clinton"
"12912",1903,"Au Sable Forks","Clinton"
"12913",1059,"Bloomingdale","Essex"
"12914",891,"Bombay","Franklin"
"12916",2436,"Brushton","Franklin"
"12917",1344,"Burke","Franklin"
"12918",2641,"Cadyville","Clinton"
"12919",2805,"Champlain","Clinton"
"12920",2387,"Chateaugay","Franklin"
"12921",2835,"Chazy","Clinton"
"12923",555,"Churubusco","Clinton"
"12926",2380,"Constable","Franklin"
"12927",276,"Cranberry Lake","St. Lawrence"
"12928",2029,"Crown Point","Essex"
"12929",4103,"Dannemora","Clinton"
"12930",815,"Dickinson Center","Franklin"
"12932",1210,"Elizabethtown","Essex"
"12934",1059,"Ellenburg Center","Clinton"
"12935",1428,"Ellenburg Depot","Clinton"
"12936",420,"Essex","Essex"
"12937",1880,"Fort Covington","Franklin"
"12941",1402,"Jay","Essex"
"12942",663,"Keene","Essex"
"12943",314,"Keene Valley","Essex"
"12944",3683,"Keeseville","Essex"
"12945",449,"Lake Clear","Franklin"
"12946",4819,"Lake Placid","Essex"
"12950",674,"Lewis","Essex"
"12952",305,"Lyon Mountain","Clinton"
"12953",15469,"Malone","Franklin"
"12955",366,"Lyon Mountain","Clinton"
"12956",1180,"Mineville","Essex"
"12957",1559,"Moira","Franklin"
"12958",2020,"Mooers","Clinton"
"12959",1474,"Mooers Forks","Clinton"
"12960",635,"Moriah","Essex"
"12961",243,"Moriah Center","Essex"
"12962",5084,"Morrisonville","Clinton"
"12965",537,"Nicholville","St. Lawrence"
"12966",2732,"North Bangor","Franklin"
"12967",1035,"North Lawrence","St. Lawrence"
"12969",347,"Owls Head","Franklin"
"12970",839,"Paul Smiths","Franklin"
"12972",6611,"Peru","Clinton"
"12974",2152,"Port Henry","Essex"
"12975",217,"Port Kent","Essex"
"12976",228,"Rainbow Lake","Franklin"
"12977",1763,"Ray Brook","Essex"
"12978",258,"Redford","Clinton"
"12979",2435,"Rouses Point","Clinton"
"12980",1053,"Saint Regis Falls","Franklin"
"12981",2401,"Saranac","Clinton"
"12983",7719,"Saranac Lake","Franklin"
"12985",994,"Schuyler Falls","Clinton"
"12986",5928,"Tupper Lake","Franklin"
"12987",242,"Upper Jay","Essex"
"12989",1114,"Vermontville","Franklin"
"12992",3565,"West Chazy","Clinton"
"12993",1486,"Westport","Essex"
"12996",2084,"Willsboro","Essex"
"12997",1067,"Wilmington","Essex"
"12998",313,"Witherbee","Essex"
"13021",37528,"Auburn","Cayuga"
"13024",1671,"Auburn","Cayuga"
"13026",1705,"Aurora","Cayuga"
"13027",33937,"Baldwinsville","Onondaga"
"13028",926,"Bernhards Bay","Oswego"
"13029",7360,"Brewerton","Onondaga"
"13030",3470,"Bridgeport","Onondaga"
"13031",15484,"Camillus","Onondaga"
"13032",12522,"Canastota","Madison"
"13033",3807,"Cato","Cayuga"
"13034",1925,"Cayuga","Cayuga"
"13035",8707,"Cazenovia","Madison"
"13036",9632,"Central Square","Oswego"
"13037",9775,"Chittenango","Madison"
"13039",17078,"Cicero","Onondaga"
"13040",2370,"Cincinnatus","Cortland"
"13041",11808,"Clay","Onondaga"
"13042",2383,"Cleveland","Oswego"
"13044",2742,"Constantia","Oswego"
"13045",28975,"Cortland","Cortland"
"13052",1626,"De Ruyter","Madison"
"13053",4861,"Dryden","Tompkins"
"13054",1500,"Durhamville","Oneida"
"13057",13126,"East Syracuse","Onondaga"
"13060",3050,"Elbridge","Onondaga"
"13061",877,"Erieville","Madison"
"13063",1827,"Fabius","Onondaga"
"13066",12443,"Fayetteville","Onondaga"
"13068",5184,"Freeville","Tompkins"
"13069",24111,"Fulton","Oswego"
"13071",934,"Genoa","Cayuga"
"13072",884,"Georgetown","Madison"
"13073",6729,"Groton","Tompkins"
"13074",4230,"Hannibal","Oswego"
"13076",2037,"Hastings","Oswego"
"13077",6462,"Homer","Cortland"
"13078",10940,"Jamesville","Onondaga"
"13080",3227,"Jordan","Onondaga"
"13081",1203,"King Ferry","Cayuga"
"13082",4201,"Kirkville","Onondaga"
"13083",2027,"Lacona","Oswego"
"13084",3814,"La Fayette","Onondaga"
"13087",243,"Little York","Cortland"
"13088",20926,"Liverpool","Onondaga"
"13090",29017,"Liverpool","Onondaga"
"13092",2484,"Locke","Cayuga"
"13101",2448,"Mc Graw","Cortland"
"13103",226,"Mallory","Oswego"
"13104",16038,"Manlius","Onondaga"
"13108",6193,"Marcellus","Onondaga"
"13110",2198,"Marietta","Onondaga"
"13111",1769,"Martville","Cayuga"
"13112",1683,"Memphis","Onondaga"
"13113",258,"Meridian","Cayuga"
"13114",6594,"Mexico","Oswego"
"13115",238,"Minetto","Oswego"
"13116",3447,"Minoa","Onondaga"
"13117",289,"Montezuma","Cayuga"
"13118",6130,"Moravia","Cayuga"
"13120",2092,"Nedrow","Onondaga"
"13122",1181,"New Woodstock","Madison"
"13123",485,"North Bay","Oneida"
"13126",35369,"Oswego","Oswego"
"13131",3317,"Parish","Oswego"
"13132",3557,"Pennellville","Oswego"
"13135",5939,"Phoenix","Oswego"
"13136",360,"Pitcher","Chenango"
"13140",4534,"Port Byron","Cayuga"
"13141",510,"Preble","Cortland"
"13142",6486,"Pulaski","Oswego"
"13143",2300,"Red Creek","Wayne"
"13144",1608,"Richland","Oswego"
"13145",1410,"Sandy Creek","Oswego"
"13146",2433,"Savannah","Wayne"
"13147",1031,"Scipio Center","Cayuga"
"13148",10648,"Seneca Falls","Seneca"
"13152",7841,"Skaneateles","Onondaga"
"13153",469,"Skaneateles Falls","Onondaga"
"13155",491,"South Otselic","Chenango"
"13156",1757,"Sterling","Cayuga"
"13157",489,"Sylvan Beach","Oneida"
"13158",1772,"Truxton","Cortland"
"13159",5303,"Tully","Onondaga"
"13160",2242,"Union Springs","Cayuga"
"13162",248,"Verona Beach","Oneida"
"13163",462,"Wampsville","Madison"
"13164",2607,"Warners","Onondaga"
"13165",9905,"Waterloo","Seneca"
"13166",5465,"Weedsport","Cayuga"
"13167",2756,"West Monroe","Oswego"
"13202",6943,"Syracuse","Onondaga"
"13203",16876,"Syracuse","Onondaga"
"13204",19264,"Syracuse","Onondaga"
"13205",16746,"Syracuse","Onondaga"
"13206",16837,"Syracuse","Onondaga"
"13207",12552,"Syracuse","Onondaga"
"13208",22560,"Syracuse","Onondaga"
"13209",12364,"Syracuse","Onondaga"
"13210",27172,"Syracuse","Onondaga"
"13211",6117,"Syracuse","Onondaga"
"13212",21557,"Syracuse","Onondaga"
"13214",8392,"Syracuse","Onondaga"
"13215",14306,"Syracuse","Onondaga"
"13219",14819,"Syracuse","Onondaga"
"13224",8486,"Syracuse","Onondaga"
"13302",1483,"Altmar","Oswego"
"13303",1454,"Ava","Oneida"
"13304",1726,"Barneveld","Oneida"
"13305",204,"Beaver Falls","Lewis"
"13308",3867,"Blossvale","Oneida"
"13309",5672,"Boonville","Oneida"
"13310",828,"Bouckville","Madison"
"13312",332,"Brantingham","Lewis"
"13313",451,"Bridgewater","Oneida"
"13314",232,"Brookfield","Madison"
"13315",1471,"Burlington Flats","Otsego"
"13316",6168,"Camden","Oneida"
"13317",3847,"Canajoharie","Montgomery"
"13318",1300,"Cassville","Oneida"
"13319",761,"Chadwicks","Oneida"
"13320",2119,"Cherry Valley","Otsego"
"13321",639,"Clark Mills","Oneida"
"13322",888,"Clayville","Oneida"
"13323",11585,"Clinton","Oneida"
"13324",2195,"Cold Brook","Herkimer"
"13325",955,"Constableville","Lewis"
"13326",5165,"Cooperstown","Otsego"
"13327",1762,"Croghan","Lewis"
"13328",1622,"Deansboro","Oneida"
"13329",4211,"Dolgeville","Herkimer"
"13332",2823,"Earlville","Chenango"
"13334",1083,"Eaton","Madison"
"13335",1386,"Edmeston","Otsego"
"13337",628,"Fly Creek","Otsego"
"13338",1263,"Forestport","Oneida"
"13339",6382,"Fort Plain","Montgomery"
"13340",8023,"Frankfort","Herkimer"
"13342",229,"Garrattsville","Otsego"
"13343",1572,"Glenfield","Lewis"
"13346",6225,"Hamilton","Madison"
"13348",1381,"Hartwick","Otsego"
"13350",9727,"Herkimer","Herkimer"
"13354",3777,"Holland Patent","Oneida"
"13355",1440,"Hubbardsville","Madison"
"13357",10748,"Ilion","Herkimer"
"13361",872,"Jordanville","Herkimer"
"13363",2358,"Lee Center","Oneida"
"13364",222,"Leonardsville","Madison"
"13365",8472,"Little Falls","Herkimer"
"13367",8893,"Lowville","Lewis"
"13368",1184,"Lyons Falls","Lewis"
"13402",1441,"Madison","Madison"
"13403",7485,"Marcy","Oneida"
"13406",865,"Middleville","Herkimer"
"13407",4830,"Mohawk","Herkimer"
"13408",3584,"Morrisville","Madison"
"13409",2255,"Munnsville","Madison"
"13410",350,"Nelliston","Montgomery"
"13411",3092,"New Berlin","Chenango"
"13413",15750,"New Hartford","Oneida"
"13416",2079,"Newport","Herkimer"
"13417",3066,"New York Mills","Oneida"
"13418",268,"North Brookfield","Madison"
"13420",1064,"Old Forge","Herkimer"
"13421",13230,"Oneida","Madison"
"13424",2375,"Oriskany","Oneida"
"13425",2143,"Oriskany Falls","Oneida"
"13428",1668,"Palatine Bridge","Montgomery"
"13431",1902,"Poland","Herkimer"
"13433",1657,"Port Leyden","Lewis"
"13435",347,"Prospect","Oneida"
"13437",326,"Redfield","Oswego"
"13438",2944,"Remsen","Oneida"
"13439",3720,"Richfield Springs","Otsego"
"13440",41342,"Rome","Oneida"
"13452",4671,"Saint Johnsville","Montgomery"
"13454",800,"Salisbury Center","Herkimer"
"13456",4039,"Sauquoit","Oneida"
"13459",2343,"Sharon Springs","Schoharie"
"13460",4122,"Sherburne","Chenango"
"13461",2987,"Sherrill","Oneida"
"13464",1368,"Smyrna","Chenango"
"13468",478,"Springfield Center","Otsego"
"13469",1238,"Stittville","Oneida"
"13470",665,"Stratford","Fulton"
"13471",3045,"Taberg","Oneida"
"13473",958,"Turin","Lewis"
"13476",3617,"Vernon","Oneida"
"13477",1029,"Vernon Center","Oneida"
"13478",3257,"Verona","Oneida"
"13480",3235,"Waterville","Oneida"
"13483",317,"Westdale","Oneida"
"13485",1231,"West Edmeston","Otsego"
"13486",701,"Westernville","Oneida"
"13489",538,"West Leyden","Lewis"
"13490",1606,"Westmoreland","Oneida"
"13491",3330,"West Winfield","Herkimer"
"13492",11118,"Whitesboro","Oneida"
"13493",2318,"Williamstown","Oswego"
"13494",240,"Woodgate","Oneida"
"13495",2035,"Yorkville","Oneida"
"13501",37132,"Utica","Oneida"
"13502",32437,"Utica","Oneida"
"13601",36982,"Watertown","Jefferson"
"13602",4383,"Fort Drum","Jefferson"
"13603",9274,"Watertown","Jefferson"
"13605",5173,"Adams","Jefferson"
"13606",2456,"Adams Center","Jefferson"
"13607",1445,"Alexandria Bay","Jefferson"
"13608",1698,"Antwerp","Jefferson"
"13612",2233,"Black River","Jefferson"
"13613",2698,"Brasher Falls","St. Lawrence"
"13614",355,"Brier Hill","St. Lawrence"
"13615",905,"Brownville","Jefferson"
"13616",2202,"Calcium","Jefferson"
"13617",11556,"Canton","St. Lawrence"
"13618",1525,"Cape Vincent","Jefferson"
"13619",10439,"Carthage","Jefferson"
"13620",2592,"Castorland","Lewis"
"13621",494,"Chase Mills","St.Lawrence"
"13622",2138,"Chaumont","Jefferson"
"13624",5297,"Clayton","Jefferson"
"13625",1470,"Colton","St. Lawrence"
"13626",2271,"Copenhagen","Lewis"
"13628",211,"Deferiet","Jefferson"
"13630",1515,"De Kalb Junction","St. Lawrence"
"13633",249,"De Peyster","St. Lawrence"
"13634",3706,"Dexter","Jefferson"
"13635",1108,"Edwards","St. Lawrence"
"13636",237,"Ellisburg","Jefferson"
"13637",3720,"Evans Mills","Jefferson"
"13638",401,"Felts Mills","Jefferson"
"13640",272,"Wellesley Island","Jefferson"
"13642",10055,"Gouverneur","St. Lawrence"
"13646",1879,"Hammond","St. Lawrence"
"13648",2056,"Harrisville","Lewis"
"13650",1559,"Henderson","Jefferson"
"13652",1544,"Hermon","St. Lawrence"
"13654",2603,"Heuvelton","St. Lawrence"
"13655",3418,"Hogansburg","Franklin"
"13656",2834,"La Fargeville","Jefferson"
"13658",2414,"Lisbon","St. Lawrence"
"13659",382,"Lorraine","Jefferson"
"13660",1641,"Madrid","St. Lawrence"
"13661",1609,"Mannsville","Jefferson"
"13662",16179,"Massena","St. Lawrence"
"13664",348,"Morristown","St. Lawrence"
"13665",626,"Natural Bridge","Jefferson"
"13666",240,"Newton Falls","St. Lawrence"
"13667",2781,"Norfolk","St. Lawrence"
"13668",3196,"Norwood","St. Lawrence"
"13669",15870,"Ogdensburg","St. Lawrence"
"13670",476,"Oswegatchie","St. Lawrence"
"13672",439,"Parishville","St. Lawrence"
"13673",2231,"Philadelphia","Jefferson"
"13675",250,"Plessis","Jefferson"
"13676",16754,"Potsdam","St. Lawrence"
"13678",330,"Raymondville","St. Lawrence"
"13679",1686,"Redwood","Jefferson"
"13680",1643,"Rensselaer Falls","St. Lawrence"
"13681",1149,"Richville","St. Lawrence"
"13682",654,"Rodman","Jefferson"
"13684",842,"Russell","St. Lawrence"
"13685",2238,"Sackets Harbor","Jefferson"
"13687",458,"South Colton","St. Lawrence"
"13690",569,"Star Lake","St. Lawrence"
"13691",3016,"Theresa","Jefferson"
"13693",408,"Three Mile Bay","Jefferson"
"13694",1328,"Waddington","St. Lawrence"
"13697",1776,"Winthrop","St. Lawrence"
"13730",2630,"Afton","Chenango"
"13731",946,"Andes","Delaware"
"13732",7602,"Apalachin","Tioga"
"13733",5112,"Bainbridge","Chenango"
"13734",1828,"Barton","Tioga"
"13736",2086,"Berkshire","Tioga"
"13739",783,"Bloomville","Delaware"
"13740",483,"Bovina Center","Delaware"
"13743",3630,"Candor","Tioga"
"13744",1307,"Castle Creek","Broome"
"13746",1578,"Chenango Forks","Broome"
"13748",3766,"Conklin","Broome"
"13750",788,"Davenport","Delaware"
"13752",886,"De Lancey","Delaware"
"13753",5511,"Delhi","Delaware"
"13754",2883,"Deposit","Broome"
"13755",982,"Downsville","Delaware"
"13756",431,"East Branch","Delaware"
"13757",1396,"East Meredith","Delaware"
"13760",42103,"Endicott","Broome"
"13775",1780,"Franklin","Delaware"
"13776",507,"Gilbertsville","Otsego"
"13777",433,"Glen Aubrey","Broome"
"13778",5458,"Greene","Chenango"
"13780",708,"Guilford","Chenango"
"13782",824,"Hamden","Delaware"
"13783",2659,"Hancock","Delaware"
"13784",215,"Harford","Cortland"
"13786",464,"Harpersfield","Delaware"
"13787",3039,"Harpursville","Broome"
"13788",899,"Hobart","Delaware"
"13790",17763,"Johnson City","Broome"
"13795",3093,"Kirkwood","Broome"
"13796",1063,"Laurens","Otsego"
"13797",2262,"Lisle","Broome"
"13801",1457,"Mc Donough","Chenango"
"13802",964,"Maine","Broome"
"13803",4131,"Marathon","Cortland"
"13804",332,"Masonville","Delaware"
"13806",224,"Meridale","Delaware"
"13807",1214,"Milford","Otsego"
"13808",1524,"Morris","Otsego"
"13809",1761,"Mount Upton","Chenango"
"13810",1362,"Mount Vision","Otsego"
"13811",3988,"Newark Valley","Tioga"
"13812",2258,"Nichols","Tioga"
"13813",1368,"Nineveh","Broome"
"13815",12901,"Norwich","Chenango"
"13820",22157,"Oneonta","Otsego"
"13825",2888,"Otego","Otsego"
"13827",11538,"Owego","Tioga"
"13830",5119,"Oxford","Chenango"
"13832",563,"Plymouth","Chenango"
"13833",3890,"Port Crane","Broome"
"13834",279,"Portlandville","Otsego"
"13835",1310,"Richford","Tioga"
"13838",3873,"Sidney","Delaware"
"13839",1251,"Sidney Center","Delaware"
"13841",561,"Smithville Flats","Chenango"
"13842",627,"South Kortright","Delaware"
"13843",2241,"South New Berlin","Chenango"
"13844",674,"South Plymouth","Chenango"
"13846",475,"Treadwell","Delaware"
"13849",4449,"Unadilla","Otsego"
"13850",22392,"Vestal","Broome"
"13856",5999,"Walton","Delaware"
"13861",379,"West Oneonta","Otsego"
"13862",4053,"Whitney Point","Broome"
"13863",681,"Willet","Cortland"
"13864",1181,"Willseyville","Tioga"
"13865",6203,"Windsor","Broome"
"13901",18786,"Binghamton","Broome"
"13902",6162,"Binghamton","Broome"
"13903",17905,"Binghamton","Broome"
"13904",9789,"Binghamton","Broome"
"13905",26151,"Binghamton","Broome"
"14001",9324,"Akron","Erie"
"14004",12240,"Alden","Erie"
"14005",2312,"Alexander","Genesee"
"14006",9823,"Angola","Erie"
"14008",1547,"Appleton","Niagara"
"14009",5625,"Arcade","Wyoming"
"14011",8864,"Attica","Wyoming"
"14012",2374,"Barker","Niagara"
"14013",1680,"Basom","Genesee"
"14020",22060,"Batavia","Genesee"
"14024",1408,"Bliss","Wyoming"
"14025",3784,"Boston","Erie"
"14026",568,"Bowmansville","Erie"
"14028",1571,"Burt","Niagara"
"14030",1882,"Chaffee","Erie"
"14031",10158,"Clarence","Erie"
"14032",10084,"Clarence Center","Erie"
"14033",1344,"Colden","Erie"
"14034",2428,"Collins","Erie"
"14036",5588,"Corfu","Genesee"
"14037",897,"Cowlesville","Wyoming"
"14040",1719,"Darien Center","Genesee"
"14042",4359,"Delevan","Cattaraugus"
"14043",25058,"Depew","Erie"
"14047",6525,"Derby","Erie"
"14048",14414,"Dunkirk","Chautauqua"
"14051",19178,"East Amherst","Erie"
"14052",17664,"East Aurora","Erie"
"14054",1554,"East Bethany","Genesee"
"14055",1337,"East Concord","Erie"
"14057",8192,"Eden","Erie"
"14058",2160,"Elba","Genesee"
"14059",10446,"Elma","Erie"
"14060",478,"Farmersville Station","Cattaraugus"
"14061",345,"Farnham","Erie"
"14062",3331,"Forestville","Chautauqua"
"14063",13891,"Fredonia","Chautauqua"
"14065",1705,"Freedom","Cattaraugus"
"14066",1188,"Gainesville","Wyoming"
"14067",4971,"Gasport","Niagara"
"14068",7169,"Getzville","Erie"
"14069",642,"Glenwood","Erie"
"14070",6958,"Gowanda","Cattaraugus"
"14072",21287,"Grand Island","Erie"
"14075",42958,"Hamburg","Erie"
"14080",4323,"Holland","Erie"
"14081",2844,"Irving","Chautauqua"
"14082",498,"Java Center","Wyoming"
"14085",7605,"Lake View","Erie"
"14086",32653,"Lancaster","Erie"
"14091",1422,"Lawtons","Erie"
"14092",10819,"Lewiston","Niagara"
"14094",49792,"Lockport","Niagara"
"14098",3028,"Lyndonville","Orleans"
"14101",1718,"Machias","Cattaraugus"
"14102",1367,"Marilla","Erie"
"14103",10448,"Medina","Orleans"
"14105",4745,"Middleport","Niagara"
"14108",5196,"Newfane","Niagara"
"14109",1089,"Niagara University","Niagara"
"14111",3146,"North Collins","Erie"
"14113",488,"North Java","Wyoming"
"14120",43738,"North Tonawanda","Niagara"
"14125",3514,"Oakfield","Genesee"
"14126",661,"Olcott","Niagara"
"14127",29964,"Orchard Park","Erie"
"14129",1519,"Perrysburg","Cattaraugus"
"14130",231,"Pike","Wyoming"
"14131",5056,"Ransomville","Niagara"
"14132",5999,"Sanborn","Niagara"
"14136",4574,"Silver Creek","Chautauqua"
"14138",1786,"South Dayton","Cattaraugus"
"14139",2020,"South Wales","Erie"
"14141",7534,"Springville","Erie"
"14143",938,"Stafford","Genesee"
"14145",1456,"Strykersville","Wyoming"
"14150",41144,"Tonawanda","Erie"
"14167",1788,"Varysburg","Wyoming"
"14170",2350,"West Falls","Erie"
"14171",2029,"West Valley","Cattaraugus"
"14172",2781,"Wilson","Niagara"
"14174",5843,"Youngstown","Niagara"
"14201",11192,"Buffalo","Erie"
"14202",3749,"Buffalo","Erie"
"14203",1819,"Buffalo","Erie"
"14204",8003,"Buffalo","Erie"
"14206",20064,"Buffalo","Erie"
"14207",23773,"Buffalo","Erie"
"14208",10346,"Buffalo","Erie"
"14209",7807,"Buffalo","Erie"
"14210",14148,"Buffalo","Erie"
"14211",22206,"Buffalo","Erie"
"14212",10973,"Buffalo","Erie"
"14213",22132,"Buffalo","Erie"
"14214",19754,"Buffalo","Erie"
"14215",41340,"Buffalo","Erie"
"14216",21464,"Buffalo","Erie"
"14217",23017,"Buffalo","Erie"
"14218",18935,"Buffalo","Erie"
"14219",11391,"Buffalo","Erie"
"14220",22641,"Buffalo","Erie"
"14221",53727,"Buffalo","Erie"
"14222",15103,"Buffalo","Erie"
"14223",21734,"Buffalo","Erie"
"14224",40903,"Buffalo","Erie"
"14225",33360,"Buffalo","Erie"
"14226",29920,"Buffalo","Erie"
"14227",20540,"Buffalo","Erie"
"14228",23406,"Buffalo","Erie"
"14261",5557,"Buffalo","Erie"
"14301",11838,"Niagara Falls","Niagara"
"14302",255,"Niagara Falls","Niagara"
"14303",5652,"Niagara Falls","Niagara"
"14304",29001,"Niagara Falls","Niagara"
"14305",17026,"Niagara Falls","Niagara"
"14411",13671,"Albion","Orleans"
"14414",6797,"Avon","Livingston"
"14416",3611,"Bergen","Genesee"
"14418",932,"Branchport","Yates"
"14420",21124,"Brockport","Monroe"
"14422",2074,"Byron","Genesee"
"14423",4479,"Caledonia","Livingston"
"14424",28055,"Canandaigua","Ontario"
"14425",12230,"Farmington","Ontario"
"14427",2073,"Castile","Wyoming"
"14428",7278,"Churchville","Monroe"
"14432",5277,"Clifton Springs","Ontario"
"14433",3920,"Clyde","Wayne"
"14435",2327,"Conesus","Livingston"
"14437",11274,"Dansville","Livingston"
"14441",301,"Dresden","Yates"
"14445",7761,"East Rochester","Monroe"
"14450",42513,"Fairport","Monroe"
"14454",11237,"Geneseo","Livingston"
"14456",19539,"Geneva","Ontario"
"14462",718,"Groveland","Livingston"
"14464",7419,"Hamlin","Monroe"
"14466",1526,"Hemlock","Livingston"
"14467",9909,"Henrietta","Monroe"
"14468",17994,"Hilton","Monroe"
"14469",5646,"Bloomfield","Ontario"
"14470",7331,"Holley","Orleans"
"14471",2385,"Honeoye","Ontario"
"14472",9271,"Honeoye Falls","Monroe"
"14475",287,"Ionia","Ontario"
"14476",2270,"Kendall","Orleans"
"14477",1460,"Kent","Orleans"
"14478",1577,"Keuka Park","Yates"
"14480",904,"Lakeville","Livingston"
"14481",1906,"Leicester","Livingston"
"14482",8230,"Le Roy","Genesee"
"14485",3976,"Lima","Livingston"
"14486",462,"Linwood","Genesee"
"14487",5997,"Livonia","Livingston"
"14489",7065,"Lyons","Wayne"
"14502",10551,"Macedon","Wayne"
"14504",1593,"Manchester","Ontario"
"14505",5277,"Marion","Wayne"
"14506",939,"Mendon","Monroe"
"14507",894,"Middlesex","Yates"
"14510",4571,"Mount Morris","Livingston"
"14511",399,"Mumford","Monroe"
"14512",4542,"Naples","Ontario"
"14513",13749,"Newark","Wayne"
"14514",6293,"North Chili","Monroe"
"14516",2338,"North Rose","Wayne"
"14517",2846,"Nunda","Livingston"
"14519",11537,"Ontario","Wayne"
"14521",3077,"Ovid","Seneca"
"14522",9559,"Palmyra","Wayne"
"14525",2524,"Pavilion","Genesee"
"14526",19001,"Penfield","Monroe"
"14527",12835,"Penn Yan","Yates"
"14530",5500,"Perry","Wyoming"
"14532",3998,"Phelps","Ontario"
"14533",2254,"Piffard","Livingston"
"14534",31975,"Pittsford","Monroe"
"14536",599,"Portageville","Wyoming"
"14541",4584,"Romulus","Seneca"
"14543",3145,"Rush","Monroe"
"14544",2280,"Rushville","Yates"
"14545",227,"Scottsburg","Livingston"
"14546",4614,"Scottsville","Monroe"
"14548",4132,"Shortsville","Ontario"
"14550",1256,"Silver Springs","Wyoming"
"14551",5392,"Sodus","Wayne"
"14555",1048,"Sodus Point","Wayne"
"14559",18584,"Spencerport","Monroe"
"14560",2320,"Springwater","Livingston"
"14561",2815,"Stanley","Ontario"
"14564",15359,"Victor","Ontario"
"14568",6241,"Walworth","Wayne"
"14569",5910,"Warsaw","Wyoming"
"14571",1314,"Waterport","Orleans"
"14572",5017,"Wayland","Steuben"
"14580",53593,"Webster","Monroe"
"14586",11848,"West Henrietta","Monroe"
"14589",7502,"Williamson","Wayne"
"14590",5420,"Wolcott","Wayne"
"14591",1556,"Wyoming","Wyoming"
"14604",2536,"Rochester","Monroe"
"14605",11457,"Rochester","Monroe"
"14606",27711,"Rochester","Monroe"
"14607",16880,"Rochester","Monroe"
"14608",11260,"Rochester","Monroe"
"14609",40081,"Rochester","Monroe"
"14610",13373,"Rochester","Monroe"
"14611",17429,"Rochester","Monroe"
"14612",34316,"Rochester","Monroe"
"14613",15375,"Rochester","Monroe"
"14614",1151,"Rochester","Monroe"
"14615",16812,"Rochester","Monroe"
"14616",26935,"Rochester","Monroe"
"14617",21985,"Rochester","Monroe"
"14618",23252,"Rochester","Monroe"
"14619",13788,"Rochester","Monroe"
"14620",23912,"Rochester","Monroe"
"14621",33757,"Rochester","Monroe"
"14622",12906,"Rochester","Monroe"
"14623",24720,"Rochester","Monroe"
"14624",37873,"Rochester","Monroe"
"14625",10051,"Rochester","Monroe"
"14626",29941,"Rochester","Monroe"
"14627",2280,"Rochester","Monroe"
"14701",39214,"Jamestown","Chautauqua"
"14706",6110,"Allegany","Cattaraugus"
"14708",239,"Alma","Allegany"
"14709",1421,"Angelica","Allegany"
"14710",3244,"Ashville","Chautauqua"
"14711",1874,"Belfast","Allegany"
"14712",3051,"Bemus Point","Chautauqua"
"14714",604,"Black Creek","Allegany"
"14715",2585,"Bolivar","Allegany"
"14716",2640,"Brocton","Chautauqua"
"14717",394,"Caneadea","Allegany"
"14718",1899,"Cassadaga","Chautauqua"
"14719",3283,"Cattaraugus","Cattaraugus"
"14720",749,"Celoron","Chautauqua"
"14722",214,"Chautauqua","Chautauqua"
"14723",1098,"Cherry Creek","Chautauqua"
"14724",2723,"Clymer","Chautauqua"
"14726",1980,"Conewango Valley","Cattaraugus"
"14727",5385,"Cuba","Allegany"
"14728",1056,"Dewittville","Chautauqua"
"14729",990,"East Otto","Cattaraugus"
"14731",1291,"Ellicottville","Cattaraugus"
"14733",3655,"Falconer","Chautauqua"
"14735",2900,"Fillmore","Allegany"
"14737",4272,"Franklinville","Cattaraugus"
"14738",3319,"Frewsburg","Chautauqua"
"14739",2421,"Friendship","Allegany"
"14740",1032,"Gerry","Chautauqua"
"14741",1796,"Great Valley","Cattaraugus"
"14742",244,"Greenhurst","Chautauqua"
"14743",1938,"Hinsdale","Cattaraugus"
"14744",2103,"Houghton","Allegany"
"14747",2015,"Kennedy","Chautauqua"
"14748",548,"Kill Buck","Cattaraugus"
"14750",4277,"Lakewood","Chautauqua"
"14752",339,"Lily Dale","Chautauqua"
"14753",1182,"Limestone","Cattaraugus"
"14754",533,"Little Genesee","Allegany"
"14755",3146,"Little Valley","Cattaraugus"
"14757",3371,"Mayville","Chautauqua"
"14760",17567,"Olean","Cattaraugus"
"14767",2224,"Panama","Chautauqua"
"14769",996,"Portland","Chautauqua"
"14770",2761,"Portville","Cattaraugus"
"14772",3995,"Randolph","Cattaraugus"
"14775",2520,"Ripley","Chautauqua"
"14777",673,"Rushford","Allegany"
"14778",1349,"Saint Bonaventure","Cattaraugus"
"14779",6537,"Salamanca","Cattaraugus"
"14781",1782,"Sherman","Chautauqua"
"14782",2272,"Sinclairville","Chautauqua"
"14783",306,"Steamburg","Cattaraugus"
"14784",938,"Stockton","Chautauqua"
"14787",4759,"Westfield","Chautauqua"
"14801",5234,"Addison","Steuben"
"14802",4171,"Alfred","Allegany"
"14803",782,"Alfred Station","Allegany"
"14804",1739,"Almond","Allegany"
"14805",958,"Alpine","Schuyler"
"14806",2060,"Andover","Allegany"
"14807",3070,"Arkport","Steuben"
"14808",514,"Atlanta","Steuben"
"14809",2676,"Avoca","Steuben"
"14810",11673,"Bath","Steuben"
"14812",3200,"Beaver Dams","Schuyler"
"14813",2264,"Belmont","Allegany"
"14814",1883,"Big Flats","Chemung"
"14815",776,"Bradford","Steuben"
"14816",544,"Breesport","Chemung"
"14817",2508,"Brooktondale","Tompkins"
"14818",2029,"Burdett","Schuyler"
"14819",696,"Cameron","Steuben"
"14820",807,"Cameron Mills","Steuben"
"14821",3141,"Campbell","Steuben"
"14822",947,"Canaseraga","Allegany"
"14823",3467,"Canisteo","Steuben"
"14824",639,"Cayuta","Schuyler"
"14825",784,"Chemung","Chemung"
"14826",2271,"Cohocton","Steuben"
"14830",19138,"Corning","Steuben"
"14836",931,"Dalton","Livingston"
"14837",5947,"Dundee","Yates"
"14838",2039,"Erin","Chemung"
"14839",881,"Greenwood","Steuben"
"14840",2730,"Hammondsport","Steuben"
"14841",665,"Hector","Schuyler"
"14842",1111,"Himrod","Yates"
"14843",12447,"Hornell","Steuben"
"14845",20401,"Horseheads","Chemung"
"14846",966,"Hunt","Livingston"
"14847",2375,"Interlaken","Seneca"
"14850",64224,"Ithaca","Tompkins"
"14853",2663,"Ithaca","Tompkins"
"14855",785,"Jasper","Steuben"
"14856",275,"Kanona","Steuben"
"14858",1232,"Lindley","Steuben"
"14859",1076,"Lockwood","Tioga"
"14860",1132,"Lodi","Seneca"
"14861",1153,"Lowman","Chemung"
"14864",961,"Millport","Chemung"
"14865",2784,"Montour Falls","Schuyler"
"14867",5431,"Newfield","Tompkins"
"14869",1276,"Odessa","Schuyler"
"14870",10202,"Painted Post","Steuben"
"14871",5081,"Pine City","Chemung"
"14872",547,"Pine Valley","Chemung"
"14873",2328,"Prattsburgh","Steuben"
"14874",260,"Pulteney","Steuben"
"14877",583,"Rexville","Steuben"
"14878",536,"Rock Stream","Yates"
"14879",2257,"Savona","Steuben"
"14880",1847,"Scio","Allegany"
"14882",3998,"Lansing","Tompkins"
"14883",4808,"Spencer","Tioga"
"14884",284,"Swain","Allegany"
"14885",742,"Troupsburg","Steuben"
"14886",6490,"Trumansburg","Tompkins"
"14889",1580,"Van Etten","Chemung"
"14891",4536,"Watkins Glen","Schuyler"
"14892",7748,"Waverly","Tioga"
"14894",1051,"Wellsburg","Chemung"
"14895",8957,"Wellsville","Allegany"
"14897",772,"Whitesville","Allegany"
"14898",1772,"Woodhull","Steuben"
"14901",15581,"Elmira","Chemung"
"14903",7186,"Elmira","Chemung"
"14904",15109,"Elmira","Chemung"
"14905",8330,"Elmira","Chemung"